Adjective,Noun,Frequency
closed,formula,161
many,way,95
natural,number,75
chromatic,number,73
first,term,59
other,word,58
recursive,definition,57
odd,number,49
mathematical,induction,46
total,number,41
even,number,40
initial,condition,40
bipartite,graph,37
direct,proof,36
small,number,34
strong,induction,34
partial,sum,33
inductive,case,31
same,number,30
arithmetic,sequence,30
ğ‘›th,term,28
many,choice,26
mini,puzzle,25
combinatorial,proof,25
arbitrary,integer,24
many,edge,24
many,subset,24
red,card,24
many,string,23
first,letter,22
many,function,22
right,hand,22
initial,term,22
geometric,sequence,22
different,number,21
single,digit,21
connected,graph,21
true,statement,20
many,path,20
inductive,hypothesis,20
discrete,structure,19
injective,function,19
few,term,19
only,way,18
other,hand,18
original,statement,18
chromatic,index,18
binomial,identity,18
real,number,17
odd,degree,17
complete,graph,17
different,way,17
many,word,17
left,hand,17
different,color,16
next,term,16
characteristic,root,16
large,number,15
many,number,15
positive,integer,15
empty,square,15
empty,set,15
many,vertex,15
same,set,14
other,vertex,14
second,letter,14
first,digit,14
second,difference,14
other,number,13
valid,rule,13
possible,value,13
binomial,coefficient,13
previous,term,13
discrete,math,12
discrete,mathematic,12
logical,structure,12
same,thing,12
molecular,statement,12
logical,connective,12
first,line,12
polynomial,fitting,12
single,square,12
mathematical,object,11
new,set,11
prime,number,11
same,time,11
different,order,11
same,color,11
possible,outcome,11
partial,matching,11
previous,question,11
same,question,11
original,sequence,11
atomic,statement,10
valid,proof,10
previous,example,10
rooted,tree,10
same,sequence,10
many,pizza,10
multiplicative,principle,10
common,ratio,10
characteristic,technique,10
real,world,9
few,example,9
free,variable,9
many,combination,9
magic,bean,9
logical,equivalence,9
correct,proof,9
many,time,9
adjacent,vertex,9
large,ğ‘›such,9
unique,path,9
second,card,9
sided,die,9
constant,sequence,9
first,difference,9
great,number,8
whole,number,8
first,integer,8
favorite,number,8
universal,generalization,8
above,example,8
logical,form,8
same,size,8
induced,subgraph,8
other,way,8
cartesian,product,8
first,card,8
such,number,8
many,stack,8
following,sequence,8
recursive,formula,8
many,dot,8
constant,difference,8
third,difference,8
linear,equation,8
characteristic,equation,8
large,bunny,8
online,version,7
hot,dog,7
second,sequence,7
binary,relation,7
right,triangle,7
possible,combination,7
universal,quantifier,7
contrapositive,converse,7
original,implication,7
rational,number,7
multiple,time,7
interior,angle,7
standard,deck,7
different,value,7
other,set,7
small,graph,7
single,element,7
different,graph,7
possible,number,7
distinct,vertex,7
many,face,7
convex,polyhedron,7
regular,polyhedron,7
same,element,7
small,value,7
such,string,7
different,outcome,7
first,event,7
same,answer,7
different,combination,7
many,solution,7
ternary,digit,7
constant,rate,7
constant,term,7
least,element,7
formal,proof,7
last,digit,7
arbitrary,ğ‘˜â‰¥1,7
complete,table,7
same,way,6
mathematical,statement,6
propositional,logic,6
same,suit,6
necessary,condition,6
purple,shirt,6
more,example,6
center,square,6
valid,puzzle,6
pigeonhole,principle,6
top,row,6
ğ´of,number,6
following,statement,6
sided,dice,6
careful,proof,6
good,start,6
few,number,6
planar,graph,6
following,relation,6
only,element,6
third,letter,6
many,sequence,6
regular,tie,6
alphabetical,order,6
possible,sequence,6
first,kid,6
many,digit,6
random,experiment,6
fair,coin,6
exponential,function,6
many,term,6
general,solution,6
mini,bunny,6
many,handshake,5
distinct,number,5
same,value,5
entire,statement,5
first,part,5
good,reason,5
same,statement,5
first,set,5
first,row,5
green,vest,5
final,column,5
different,row,5
sudoku,puzzle,5
open,square,5
second,set,5
inverse,image,5
non,order,5
first,graph,5
special,name,5
same,vertex,5
non,graph,5
different,tree,5
small,tree,5
adjacent,edge,5
odd,cycle,5
different,arrangement,5
green,pepper,5
second,digit,5
second,event,5
many,route,5
possible,stack,5
correct,answer,5
first,number,5
negative,number,5
many,cookie,5
negative,integer,5
many,question,5
conditional,probability,5
own,hat,5
next,day,5
next,figure,5
common,difference,5
second,term,5
characteristic,polynomial,5
inductive,step,5
rectangular,bar,5
first,coordinate,5
bÄ³ective,surjective,5
common,divisor,5
additional,topic,4
additional,exercise,4
particular,set,4
unordered,collection,4
multiple,way,4
particular,function,4
general,statement,4
other,direction,4
perfect,square,4
propositional,variable,4
false,statement,4
good,idea,4
true,implication,4
other,relationship,4
regular,deck,4
black,card,4
red,shoe,4
other,statement,4
same,order,4
top,right,4
general,form,4
arbitrary,puzzle,4
different,digit,4
same,argument,4
complete,proof,4
bottom,row,4
proof,technique,4
basic,property,4
many,student,4
minimum,number,4
single,vertex,4
same,degree,4
finite,number,4
non,vertex,4
equal,number,4
same,sort,4
horizontal,asymptote,4
middle,graph,4
proper,coloring,4
least,number,4
special,case,4
different,game,4
consecutive,letter,4
different,type,4
inverse,relation,4
single,set,4
minimal,cover,4
different,path,4
binary,digit,4
previous,section,4
different,element,4
possible,pizza,4
non,card,4
face,card,4
many,outcome,4
bottom,chip,4
different,stack,4
bÄ³ective,function,4
distinct,digit,4
first,cookie,4
right,side,4
first,element,4
many,order,4
original,label,4
correct,formula,4
square,number,4
ternary,string,4
first,ğ‘›term,4
polynomial,formula,4
previous,exercise,4
more,term,4
differentiable,function,4
small,bar,4
distinct,power,4
injective,surjective,4
same,remainder,4
common,factor,4
great,divisor,4
modular,arithmetic,4
first,time,3
immediate,feedback,3
correct,number,3
simple,example,3
few,minute,3
mathematical,structure,3
more,detail,3
pythagorean,triple,3
particular,type,3
first,step,3
single,statement,3
valid,argument,3
different,shape,3
complicated,statement,3
sentential,variable,3
ordinary,language,3
small,domain,3
first,case,3
7624th,digit,3
standard,example,3
sufficient,condition,3
other,fact,3
chinese,food,3
more,double,3
other,player,3
most,property,3
double,negation,3
existential,quantifier,3
other,thing,3
second,row,3
bottom,right,3
other,square,3
arbitrary,number,3
other,proof,3
outer,corner,3
good,line,3
set,number,3
odd,ğ‘is,3
particular,problem,3
basic,definition,3
distinct,set,3
proper,subset,3
basic,fact,3
easy,way,3
such,graph,3
famous,problem,3
many,coin,3
increasing,order,3
precise,definition,3
other,graph,3
possible,edge,3
large,value,3
minimal,criminal,3
more,edge,3
few,way,3
first,search,3
new,vertex,3
minimal,argument,3
criminal,argument,3
last,face,3
ğºis,graph,3
less,number,3
reducible,configuration,3
same,frequency,3
upper,bound,3
interesting,way,3
own,word,3
maximum,degree,3
different,set,3
reflexive,relation,3
transitive,relation,3
other,relation,3
partial,order,3
new,term,3
positive,ğ‘¥ğ‘¦is,3
perfect,matching,3
possible,path,3
many,arrangement,3
previous,answer,3
interesting,question,3
large,collection,3
many,anagram,3
last,step,3
different,pizza,3
original,set,3
first,bit,3
even,sum,3
many,hexadecimal,3
short,path,3
non,set,3
disjoint,set,3
many,element,3
algebraic,formula,3
magic,wand,3
small,piece,3
yellow,purple,3
additive,principle,3
last,letter,3
first,problem,3
many,set,3
second,kid,3
jelly,bean,3
many,book,3
last,example,3
fast,food,3
non,integer,3
algebraic,proof,3
first,way,3
fair,die,3
uniform,probability,3
complementary,probability,3
complementary,event,3
particular,item,3
different,animal,3
third,pillar,3
small,disk,3
first,day,3
previous,day,3
same,relation,3
ğ‘›th,day,3
other,sequence,3
single,number,3
ğ‘›th,figure,3
successive,term,3
ğ‘›th,number,3
consecutive,term,3
last,term,3
quadratic,formula,3
geometric,sum,3
only,difference,3
distinct,root,3
other,value,3
more,follower,3
convex,ğ‘›-gon,3
following,proof,3
many,break,3
more,break(s,3
more,break,3
small,square,3
recursive,description,3
particular,sequence,3
same,function,3
complete,image,3
following,function,3
same,sign,3
other,letter,3
current,version,2
other,class,2
main,area,2
new,exercise,2
new,content,2
interactive,version,2
more,structure,2
more,proof,2
other,subject,2
discrete,object,2
many,pair,2
whole,statement,2
abstract,algebra,2
discrete,variant,2
good,way,2
many,domino,2
allowable,output,2
key,thing,2
good,rule,2
obvious,connection,2
next,section,2
explicit,rule,2
such,case,2
finite,sequence,2
key,difference,2
many,wheel,2
ordered,list,2
entire,sequence,2
4th,term,2
ğ‘›-th,term,2
less,relation,2
general,result,2
other,property,2
following,picture,2
own,right,2
many,mathematician,2
fascinating,subject,2
good,argument,2
numerical,answer,2
mathematical,truth,2
well,understanding,2
declarative,sentence,2
simple,one,2
reasonable,response,2
logical,point,2
outrageous,claim,2
small,statement,2
true,value,2
conditional,implication,2
true,ğ‘ƒâˆ§ğ‘„is,2
true,ğ‘ƒâ†’ğ‘„is,2
boolean,variable,2
3rd,row,2
second,part,2
clear,way,2
new,sort,2
odd,ğ‘¥i,2
true,ğ‘¥is,2
such,statement,2
many,people,2
binary,predicate,2
third,number,2
third,row,2
last,case,2
right,angle,2
universal,statement,2
extra,credit,2
sloppy,notation,2
new,statement,2
atomic,part,2
many,statement,2
last,column,2
possible,case,2
equivalent,statement,2
equivalent,replacement,2
only,row,2
logical,symbol,2
propositional,statement,2
incorrect,proof,2
mathematical,logic,2
proper,way,2
mathematical,content,2
mathematical,concept,2
possible,digit,2
same,row,2
third,square,2
different,column,2
arbitrary,element,2
single,assumption,2
false,conclusion,2
only,possibility,2
low,term,2
opposite,corner,2
left,corner,2
odd,integer,2
consecutive,integer,2
few,line,2
general,fact,2
many,problem,2
different,problem,2
general,relation,2
previous,paragraph,2
large,set,2
particular,form,2
basic,level,2
open,problem,2
other,type,2
powerful,tool,2
nice,thing,2
standard,definition,2
second,graph,2
particular,graph,2
isomorphic,graph,2
careful,definition,2
double,edge,2
good,name,2
such,vertex,2
set,theory,2
abstract,object,2
particular,kind,2
common,ancestor,2
empty,graph,2
only,tree,2
possible,length,2
simple,way,2
minimum,tree,2
small,edge,2
depth,search,2
leaf,vertex,2
outside,face,2
single,edge,2
new,edge,2
ğ‘“=,face,2
simple,graph,2
small,cycle,2
regular,polygon,2
such,polyhedron,2
regular,polyhedra,2
equilateral,triangle,2
quick,way,2
similar,problem,2
different,one,2
outside,vertex,2
single,row,2
many,color,2
many,slot,2
easy,proof,2
certain,pair,2
reasonable,guess,2
ğœ’â€²(ğº,â‰¥Î´(ğº,2
red,graph,2
monochromatic,triangle,2
blue,triangle,2
enough,information,2
maximal,degree,2
magnetic,letter,2
following,pair,2
different,object,2
new,relation,2
common,course,2
symmetric,relation,2
interesting,thing,2
same,subset,2
same,day,2
different,example,2
different,proof,2
large,matching,2
other,edge,2
large,path,2
own,age,2
small,size,2
many,application,2
other,area,2
other,sort,2
certain,property,2
many,couple,2
first,thing,2
ğ‘›th,root,2
5th,row,2
little,bit,2
cartesian,plane,2
same,relationship,2
more,information,2
upcoming,section,2
ğ‘›th,row,2
such,path,2
numbered,list,2
purple,tie,2
new,list,2
nice,way,2
such,set,2
individual,set,2
many,plate,2
same,event,2
single,outcome,2
ğ‘˜is,number,2
many,outfit,2
different,outfit,2
possible,row,2
various,combination,2
other,question,2
more,way,2
recent,survey,2
different,route,2
different,stripe,2
top,chip,2
many,stick,2
many,pocketful,2
different,pocketful,2
distinct,element,2
many,permutation,2
second,way,2
first,question,2
well,metaphor,2
well,way,2
same,outcome,2
correct,order,2
second,question,2
only,thing,2
double,topping,2
new,shelf,2
second,foursome,2
many,triangle,2
degenerate,triangle,2
same,line,2
non,triangle,2
same,notation,2
fourth,kid,2
second,cookie,2
useful,way,2
non,number,2
first,shelf,2
third,kid,2
related,question,2
different,flavor,2
decreasing,order,2
identical,dodgeball,2
regular,dice,2
single,roll,2
multiple,shot,2
correct,diagram,2
second,group,2
different,expression,2
same,quantity,2
next,row,2
such,subset,2
total,choice,2
explanatory,proof,2
right,thing,2
second,answer,2
horizontal,axis,2
alternate,proof,2
above,part,2
fair,dice,2
single,die,2
appropriate,line,2
low,case,2
other,reason,2
different,event,2
possible,roll,2
other,card,2
more,head,2
full,house,2
old,friend,2
red,ball,2
original,question,2
advanced,use,2
original,position,2
other,element,2
different,function,2
possible,subset,2
many,parade,2
different,technique,2
next,chapter,2
next,week,2
odd,digit,2
previous,problem,2
large,disk,2
inductive,definition,2
many,grain,2
same,point,2
linear,formula,2
linear,function,2
third,time,2
10th,week,2
different,sequence,2
polynomial,degree,2
many,square,2
quadratic,function,2
arithmetic,difference,2
large,hook,2
small,hook,2
nice,formula,2
finite,difference,2
ğ‘›th,difference,2
first,customer,2
many,candy,2
ğ‘›th,sum,2
ğ‘›th,sequence,2
many,cannonball,2
previous,sequence,2
other,part,2
golden,ratio,2
complex,number,2
recursive,reasoning,2
next,number,2
first,domino,2
large,function,2
additional,fact,2
extra,point,2
regular,induction,2
original,square,2
many,case,2
true,love,2
magic,chocolate,2
new,bunny,2
positive,number,2
set,notation,2
few,element,2
possible,size,2
finite,domain,2
fancy,term,2
such,ğ‘“(ğ‘›,2
specific,example,2
ğ‘“is,surjective,2
codomain,domain,2
general,case,2
infinite,series,2
geometric,series,2
other,term,2
partial,decomposition,2
infinite,set,2
important,way,2
mathematical,theory,2
above,fact,2
true,congruence,2
great,factor,2
large,factor,2
original,equation,2
linear,congruence,2
true,row,2
new,handshake,2
first,entry,2
large,power,2
less,ğ‘¥i,2
odd,vertex,2
few,edge,2
third,graph,2
circled,vertex,2
dual,planar,2
different,letter,2
possible,output,2
second,task,2
same,type,2
previous,part,2
isomorphic,definition,2
intuitive,definition,2
good,exposition,1
graduate,student,1
new,activity,1
interactive,exercise,1
tremendous,work,1
numerous,student,1
select,topic,1
appropriate,level,1
undergraduate,math,1
middle,mathematic,1
separate,introduction,1
future,teacher,1
necessary,foundation,1
mathematical,foundation,1
early,version,1
prime,student,1
entire,section,1
small,set,1
rich,classroom,1
thorough,treatment,1
separate,chapter,1
other,content,1
final,chapter,1
early,material,1
much,study,1
additional,study,1
new,section,1
other,section,1
single,topic,1
improved,presentation,1
previous,edition,1
real,time,1
few,feature,1
satisfying,solution,1
most,section,1
structured,activity,1
full,solution,1
basic,skill,1
similar,exercise,1
different,section,1
many,version,1
similar,version,1
same,problem,1
extra,click,1
good,feature,1
available,feature,1
additional,interactivity,1
short,introduction,1
defining,mathematic,1
discrete,set,1
many,object,1
old,lady,1
popular,mathematician,1
other,person,1
warm,event,1
previous,contestant,1
26th,contestant,1
large,chest,1
deadly,scorpion,1
immortal,scorpion,1
small,town,1
moral,reason,1
other,town,1
separate,object,1
ğ‘›th,contestant,1
first,ğ‘›contestant,1
26th,term,1
logic,question,1
discrete,umbrella,1
last,question,1
main,topic,1
symbolic,logic,1
other,topic,1
complicated,problem,1
brief,overview,1
final,question,1
wonderful,way,1
many,tile,1
double-ğ‘›domino,set,1
large,variety,1
discrete,feel,1
happy,tree,1
little,tree,1
basic,tool,1
good,word,1
rigid,constraint,1
physical,structure,1
whole,book,1
other,object,1
â„•=,number,1
actual,output,1
important,consideration,1
other,output,1
particular,application,1
infinite,sequence,1
specific,version,1
0th,term,1
particular,value,1
more,relation,1
many,relation,1
side,length,1
triple,pair,1
careful,way,1
standard,property,1
such,collection,1
large,portion,1
interesting,pair,1
unordered,pair,1
direct,flight,1
little,time,1
black,tree,1
additional,operation,1
algebraic,structure,1
mathematical,sense,1
few,statement,1
bad,argument,1
close,look,1
natural,language,1
logical,language,1
fictional,forest,1
initial,thought,1
prominent,role,1
mathematical,process,1
primary,goal,1
academic,discipline,1
general,truth,1
technical,definition,1
sound,argument,1
same,one,1
1.1.3,example,1
first,argument,1
good,shape,1
everyday,language,1
mathematical,practice,1
human,knowledge,1
other,discipline,1
main,content,1
audacious,claim,1
good,movie,1
more,half,1
other,troll,1
specific,substitution,1
binary,connective,1
crucial,observation,1
material,connection,1
ğ‘ƒâ†”ğ‘„is,read,1
true,ğ‘ƒâˆ¨ğ‘„is,1
false,ğ‘ƒâ†’ğ‘„is,1
above,definition,1
such,variable,1
different,meaning,1
ordinary,usage,1
whole,section,1
cultural,norm,1
mathematical,language,1
technical,statement,1
logical,technology,1
basic,sentence,1
proper,statement,1
possible,constant,1
similar,predicate,1
ğ¸(ğ‘¥,âˆ¨ğ‘‚(ğ‘¥,1
quantified,predicate,1
constant,substitute,1
less,note,1
ğ‘¦be,ğ‘¥âˆ’1,1
other,connective,1
informal,statement,1
precise,language,1
few,rule,1
useful,rule,1
hairy,thing,1
such,animal,1
existential,statement,1
original,sentence,1
enough,quantifier,1
prime,statement,1
conditional,negation,1
biconditional,negation,1
various,time,1
important,type,1
basic,type,1
key,concept,1
social,medium,1
general,claim,1
same,situation,1
shady,uncle,1
ğ‘¥â‰¥10,â‰¥25,1
tricky,case,1
causal,relationship,1
most,horse,1
meaningful,connection,1
true,fact,1
mathematical,fact,1
strange,example,1
sided,figure,1
equal,length,1
actual,shape,1
common,language,1
contrapositive,switch,1
fun,fact,1
outside,quantifier,1
quantified,âˆ€ğ‘¥(ğ‘ƒ(ğ‘¥,1
same,rule,1
false,converse,1
true,converse,1
true,Â¬ğ‘„â†’Â¬ğ‘ƒi,1
forward,direction,1
backward,direction,1
same,condition,1
necessary,definition,1
necessary,ğ‘ƒis,1
sufficient,ğ‘ƒis,1
red,suit,1
necessary,phrasing,1
enough,evidence,1
colored,crayon,1
old,paper,1
equivalent,way,1
viscous,graph,1
red,vest,1
logical,perspective,1
same,form,1
complicated,reasoning,1
main,method,1
clear,procedure,1
complicated,argument,1
basic,equivalence,1
large,argument,1
good,translation,1
major,statement,1
second,case,1
manageable,piece,1
basic,one,1
first,column,1
systematic,listing,1
next,column,1
previous,column,1
following,theorem,1
similar,rule,1
useful,example,1
complicated,table,1
atomic,proposition,1
multiple,negation,1
odd,case,1
fourth,row,1
reverse,direction,1
basic,unit,1
ğ‘¥with,constant,1
propositional,form,1
other,time,1
interesting,time,1
universal,claim,1
single,counterexample,1
new,part,1
interesting,part,1
existential,result,1
original,claim,1
classical,mechanic,1
high,resolution,1
individual,proposition,1
left,claim,1
right,claim,1
prestigious,designation,1
less,fun,1
other,false,1
ğ‘¦which,satisfie,1
different,â€™s,1
famous,rule,1
own,column,1
true,ğ‘ƒis,1
first,statement,1
second,statement,1
true,ğ‘…is,1
new,rule,1
full,treatment,1
same,persuasion,1
above,statement,1
fancy,pizza,1
final,statement,1
only,conjunction,1
bad,liar,1
propositional,part,1
basic,style,1
proof,style,1
simple,puzzle,1
above,puzzle,1
different,corner,1
middle,square,1
different,square,1
empty,puzzle,1
particular,statement,1
mighty,undertaking,1
german,mathematician,1
apparent,fact,1
foundational,technique,1
proper,fingering,1
distinct,lense,1
simple,style,1
systematic,explanation,1
non,square,1
useful,fact,1
obvious,fact,1
key,idea,1
mathematical,idea,1
little,paranoia,1
particular,puzzle,1
particular,solution,1
most,column,1
more,step,1
additional,consideration,1
arbitrary,instance,1
additional,assumption,1
arbitrary,solution,1
arbitrary,one,1
single,example,1
possible,puzzle,1
possible,solution,1
last,square,1
only,solution,1
equivalent,ğ‘ƒâ†’ğ‘„is,1
contrapositive,doe,1
original,row,1
duplicate,digit,1
mathy,example,1
arbitrary,ğ‘›and,1
odd,ğ‘›is,1
odd,ğ‘is,1
odd,ğ‘is,1
second,possibility,1
sudoku,proof,1
same,assumption,1
initial,assumption,1
logical,format,1
single,solution,1
left,box,1
such,ğ‘is,1
such,ğ‘is,1
ğ‘¥and,integer,1
good,point,1
latter,case,1
outer,square,1
common,number,1
fourth,ğ‘in,1
analogous,argument,1
other,digit,1
possible,line,1
arbitrary,shape,1
many,dice,1
following,implication,1
middle,part,1
rare,stamp,1
other,stamp,1
even,amount,1
ğ‘¦)2,ğ‘¥ğ‘¦=,1
other,side,1
enough,card,1
different,suit,1
close,friend,1
non,domino,1
overlapping,domino,1
write,proof,1
most,people,1
other,people,1
concrete,understanding,1
important,feature,1
particular,fact,1
underlying,structure,1
particular,style,1
standard,technique,1
particular,structure,1
set,satisfy,1
conditional,statement,1
general,setting,1
strong,statement,1
particular,course,1
corresponding,output,1
same,month,1
ğµboth,set,1
most,ğ‘›element,1
like,proof,1
careful,formulation,1
latter,result,1
special,symbol,1
âˆ¼and,ğ‘¥âˆ¼ğ‘¦,1
common,property,1
true,ğ‘âˆ¼ğ‘i,1
arbitrary,student,1
true,ğ‘âˆ¼ğ‘i,1
set,vertex,1
abstract,definition,1
nice,picture,1
simple,consequence,1
particular,formulation,1
codomain,ğµis,1
ğ‘|ğ‘provided,ğ‘is,1
same,angle,1
own,sub,1
simple,statement,1
firm,understanding,1
next,line,1
good,luck,1
ğ‘›is,ğ‘›is,1
true,negation,1
single,denomination,1
short,time,1
first,book,1
true,utility,1
simple,beauty,1
surprising,beauty,1
mathematical,prerequisite,1
new,research,1
other,science,1
applied,science,1
multiple,representation,1
new,area,1
active,area,1
important,part,1
other,masse,1
various,way,1
traditional,representation,1
particular,vertex,1
same,pair,1
good,definition,1
nonempty,set,1
special,sort,1
quick,example,1
precise,vertex,1
new,name,1
ğº1,correspond,1
adjacent,ğ‘is,1
adjacent,ğ‘is,1
free,choice,1
ğº1,ğº2,1
right,look,1
ordinary,subgraph,1
large,graph,1
delete,vertex,1
particular,triangle,1
required,ğ¸4,1
particular,island,1
separate,graph,1
first,example,1
other,information,1
2a,lemma,1
other,result,1
recent,seminar,1
further,application,1
final,definition,1
big,loop,1
long,path,1
3a,proposition,1
similar,statement,1
less,importance,1
single,loop,1
adjacent,pair,1
consecutive,vertex,1
ğº1,â†’ğº2,1
new,function,1
unlabeled,graph,1
non,multiple,1
zero,multiple,1
specific,set,1
useful,approach,1
own,section,1
other,grandparent,1
previous,step,1
worth,feature,1
clear,order,1
such,tree,1
excellent,introduction,1
special,kind,1
fancy,word,1
other,condition,1
equivalent,condition,1
theoretic,property,1
important,technique,1
first,proposition,1
alternate,definition,1
first,ğ‘¢â€²,1
first,vertex,1
first,half,1
second,proposition,1
distinct,path,1
provable,statement,1
theorem,proposition,1
ğ‘¢and,ğ‘£must,1
2.2.5,proposition,1
small,counterexample,1
ğºis,subgraph,1
new,graph,1
other,order,1
small,weight,1
possible,weight,1
combined,weight,1
same,algorithm,1
additional,structure,1
relative,position,1
root,vertex,1
entire,graph,1
most,tree,1
ğ‘¢and,ğ‘£are,1
ğ‘”and,sibling,1
ğ‘‘are,sibling,1
common,parent,1
different,vertex,1
lone,child,1
key,step,1
many,algorithm,1
same,generation,1
next,generation,1
algorithmic,explanation,1
many,component,1
connected,component,1
average,degree,1
minimal,proof,1
criminal,proof,1
previous,work,1
other,tree,1
ğ‘¤(among,other,1
multiple,tree,1
many,tree,1
many,group,1
isomorphic,tree,1
such,edge,1
certain,graph,1
original,drawing,1
outside,region,1
planar,way,1
same,graph,1
ğ‘£and,ğ‘’both,1
unjustified,assumption,1
minimal,graph,1
few,vertex,1
classic,house,1
many,boundary,1
technical,term,1
identical,square,1
identical,polygon,1
octahe-,tetrahedron,1
polygonal,face,1
alternative,definition,1
internal,angle,1
such,projection,1
33/2,edge,1
second,polyhedron,1
extra,edge,1
only,value,1
square,face,1
same,calculation,1
only,polyhedron,1
same,procedure,1
small,asymptote,1
large,face,1
infinite,graph,1
many,hexagon,1
possible,face,1
enough,example,1
many,side,1
classic,polyhedron,1
traditional,design,1
spherical,projection,1
regular,pentagon,1
regular,hexagon,1
truncated,icosahedron,1
possible,walk,1
ğ‘has,degree,1
dead,end,1
other,half,1
last,one,1
even,degree,1
basic,idea,1
outbound,edge,1
most,vertex,1
hamiltonian,path,1
many,one,1
few,requirement,1
known,test,1
simple,test,1
following,graph,1
odd,rule,1
new,house,1
new,pad,1
few,year,1
new,door,1
many,bridge,1
maximum,number,1
more,vertex,1
fictional,land,1
various,dukedom,1
adjacent,region,1
distant,region,1
actual,maker,1
watery,region,1
specific,color,1
permissible,coloring,1
small,palette,1
particular,sort,1
next,semester,1
same,professor,1
different,slot,1
original,map,1
key,observation,1
current,proof,1
good,proof,1
powerful,computer,1
unavoidable,set,1
only,application,1
related,object,1
same,room,1
potential,interaction,1
negative,interaction,1
further,example,1
certain,frequency,1
limited,number,1
new,station,1
exact,number,1
reasonable,range,1
most,number,1
well,bound,1
large,clique.8,1
large,degree,1
most,Î´(ğº,1
only,type,1
adventurous,reader,1
special,class,1
such,class,1
chordal,graph,1
many,hour,1
different,hour,1
different,incident,1
red,triangle,1
fun,exercise,1
monochromatic,copy,1
monochromatic,ğ¾5,1
few,cabinet,1
same,cabinet,1
many,cabinet,1
different,day,1
many,day,1
same,car,1
same,gender,1
free,car,1
other,team,1
multiple,match,1
boring,state,1
other,student,1
obvious,reason,1
same,box,1
many,letter,1
different,spinner,1
other,combination,1
many,language,1
other,language,1
modulus,operator,1
particular,modulus,1
modulus,relation,1
general,concept,1
particular,semester,1
set,student,1
ğ´of,student,1
inverse,way,1
backward,way,1
particular,student,1
opposite,direction,1
statistic,course,1
alternative,approach,1
common,class,1
common,step,1
middle,step,1
complete,relation,1
multiple,output,1
multiple,input,1
familiar,relation,1
only,class,1
most,relation,1
non,relation,1
good,one,1
common,type,1
specific,class,1
such,relation,1
classic,relation,1
transitive,antisymmetric,1
less,to,1
required,property,1
next,goal,1
well,sense,1
set,ğ´=,1
correct,direction,1
valid,class,1
different,class,1
non,subset,1
empty,subset,1
whole,set,1
few,partition,1
different,partition,1
trivial,partition,1
set,ğ‘ƒ4,1
big,idea,1
same,block,1
original,partition,1
original,relation,1
old,ğ‘âˆ¼ğ‘if,1
common,grandparent,1
same,name,1
first,name,1
following,argument,1
possible,obstruction,1
great,degree,1
own,topic,1
unique,topic,1
complete,matching,1
non,matching,1
same,topic,1
first,student,1
second,student,1
previous,case,1
few,topic,1
more,theoretic,1
many,neighbor,1
ğµthe,woman,1
progressive,context,1
political,correctness,1
obvious,counterexample,1
infinite,version,1
few,proof,1
quick,search,1
such,example,1
regular,card,1
rich,family,1
first,family,1
agreeable,marriage,1
acceptable,arrangement,1
maximal,matching,1
wide,variety,1
mathematical,research,1
rich,area,1
fundamental,concept,1
deep,question,1
worth,question,1
short,summary,1
related,vertex,1
connected,ğºâ€²â€²â€²,1
sided,polygon,1
new,convex,1
new,polyhedron,1
regular,convex,1
adjacent,pentagon,1
many,type,1
straight,line,1
available,topping,1
other,path,1
previous,task,1
low,corner,1
right,corner,1
several,fact,1
10th,century,1
chinese,treatment,1
polynomial,equation,1
indian,text,1
european,mathematician,1
14th,century,1
geometric,shape,1
remarkable,triangle,1
mathematical,problem,1
many,row,1
additive,definition,1
main,goal,1
efficient,way,1
general,observation,1
11th,row,1
7th,position,1
above,string,1
only,string,1
recursive,relationship,1
last,subset,1
common,counting,1
available,ten,1
italian,soda,1
different,syrup,1
many,soda,1
different,soda,1
original,use,1
binomial,expression,1
6th,row,1
different,typeface,1
first,binomial,1
positive,ğ‘›.,1
giant,sundae,1
available,flavor,1
numeric,value,1
following,sum,1
above,calculation,1
many,step,1
same,length,1
many,0s,1
vegetarian,topping,1
different,option,1
binomial,theorem,1
quick,note,1
active,view,1
particular,length,1
green,tie,1
striped,tie,1
paisley,tie,1
many,tie,1
cool,tie,1
first,list,1
first,pair,1
additional,item,1
key,skill,1
other,technique,1
ğ‘¥=,âˆ’7,1
new,principle,1
3.2.7,principle,1
exactly,ğ‘›way,1
second,level,1
first,level,1
particular,point,1
numerical,digit,1
third,digit,1
exponential,principle,1
individual,event,1
multiple,answer,1
black,olive,1
canadian,bacon,1
single,pizza,1
many,card,1
particular,question,1
general,interpretation,1
certain,application,1
first,one,1
second,one,1
entire,set,1
single,counting,1
many,trip,1
round,trip,1
clown,college,1
decimal,form,1
such,row,1
many,divisor,1
recent,campaign,1
different,need,1
favorite,mathematician,1
single,subject,1
lone,element,1
other,intersection,1
last,number,1
ğ´only,region,1
entire,circle,1
ğµonly,region,1
interesting,fact,1
complete,count,1
more,set,1
respective,probability,1
dependent,event,1
second,position,1
actual,set,1
more,depth,1
final,example,1
previous,event,1
independent,set,1
dependent,set,1
baked,potato,1
mashed,potato,1
french,fry,1
many,integer,1
first,ğ‘›=,1
actual,word,1
english,word,1
sub,bed,1
word,bed,1
excellent,shop,1
entire,stretch,1
like,park,1
favorite,shop,1
possible,route,1
new,shop,1
correct,combination,1
colored,tape,1
typical,example,1
distinct,letter,1
wide,range,1
red,color,1
red,chip,1
green,chip,1
green,bottom,1
other,color,1
middle,chip,1
blue,chip,1
different,chip,1
same,pocketful,1
possible,rearrangement,1
third,choice,1
fourth,choice,1
less,integer,1
ğ‘›(distinct,element,1
more,choice,1
ğ‘›distinct,object,1
theorem,3.4.6,1
extra,account,1
different,friend,1
enough,chair,1
long,table,1
single,chair,1
large,ğ‘ƒ(14,1
second,problem,1
first,guest,1
misleading,label,1
following,claim,1
awful,way,1
new,game,1
most,game,1
standard,sense,1
deceptive,use,1
right,object,1
same,string,1
numerical,relationship,1
second,formula,1
ğ‘‘in,order,1
rigorous,explanation,1
many,design,1
different,design,1
first,attempt,1
red,purple,1
blue,purple,1
green,purple,1
outside,color,1
other,one,1
single,wand,1
total,pizza,1
sized,column,1
second,number,1
different,author,1
next,question,1
hard,work,1
round,table,1
right,formula,1
many,handfuls,1
different,handfuls,1
identical,cupcake,1
favorite,teacher,1
discrete,teacher,1
glaring,hole,1
such,structure,1
special,type,1
identical,object,1
few,divider,1
many,toothpick,1
separate,outcome,1
wrong,answer,1
few,outcome,1
seventh,cookie,1
third,cookie,1
possible,letter,1
preferred,representation,1
natural,way,1
yellow,bean,1
orange,purple,1
red,bean,1
corresponding,sequence,1
identical,copy,1
favorite,book,1
middle,shelf,1
corresponding,multiset,1
only,shelf,1
non,solution,1
negative,solution,1
original,problem,1
old,set,1
individual,number,1
different,symbol,1
few,stick,1
last,kid,1
general,way,1
other,problem,1
favorite,parlor,1
mathematical,parlor,1
distinct,scoop,1
possible,shake,1
triple,chocolate,1
next,chocolate,1
last,flavor,1
next,time,1
right,number,1
standard,case,1
variable,unit,1
same,distribution,1
unique,gift,1
identical,gift,1
identical,dice,1
many,milkshake,1
different,milkshake,1
many,multiset,1
integer,solution,1
favorite,math,1
enough,money,1
large,soda,1
many,concoction,1
different,concoction,1
same,flavor,1
identical,lollipop,1
many,pack,1
different,pack,1
valid,process,1
different,solution,1
cool,thing,1
single,coefficient,1
sized,book,1
obvious,one,1
left,side,1
precise,way,1
very,top,1
most,row,1
above,observation,1
second,identity,1
second,line,1
common,denominator,1
well,approach,1
only,subset,1
more,bit,1
total,length,1
other,ğ‘˜thing,1
empty,pizza,1
traditional,proof,1
slick,proof,1
last,identity,1
other,answer,1
tricky,thing,1
more,identity,1
middle,number,1
distinct,value,1
second,proof,1
little,slicker,1
first,group,1
alternative,proof,1
total,path,1
overall,strategy,1
algebraic,expression,1
first,topping,1
second,topping,1
identical,topping,1
different,topping,1
reasonable,question,1
different,method,1
new,method,1
good,friend,1
other,bridesmaid,1
few,value,1
other,string,1
many,bit,1
previous,hint,1
different,question,1
last,game,1
first,game,1
basic,rule,1
compute,probability,1
independent,event,1
17th,century,1
french,nobleman,1
true,probability,1
many,password,1
brief,look,1
different,birthday,1
everyday,life,1
particular,outcome,1
rolling,dice,1
different,distribution,1
major,topic,1
same,space,1
more,fun,1
particular,experiment,1
regular,die,1
important,subtlety,1
fifth,card,1
same,probability,1
few,fact,1
theorem,3.7.6,1
easy,probability,1
complement,formula,1
subtract,fraction,1
historical,question,1
variant,roll,1
other,pair,1
long,run,1
theorem,3.7.9,1
such,event,1
correct,way,1
few,multiple,1
new,question,1
other,door,1
unpicked,door,1
only,outcome,1
red,die,1
other,die,1
red,face,1
tional,probability,1
green,orange,1
single,m&m,1
yellow,second,1
single,card,1
ğ‘ƒ(4,red,1
random,generator,1
equal,probability,1
same,birthday,1
20th,reunion,1
high,school,1
pet,conversation,1
shell,game,1
third,cup,1
green,ball,1
other,ball,1
bounded,multiplicity,1
identical,pie,1
mini,pie,1
key,pie,1
easy,modification,1
variable,kid,1
upper,restriction,1
many,thing,1
acceptable,reason,1
ğ¶be,set,1
extra,cookie,1
possible,choice,1
easy,solution,1
great,value,1
total,solution,1
double,counting,1
senior,prank,1
wrong,door,1
first,position,1
only,derangement,1
second,choice,1
many,derangement,1
many,non,1
similar,formula,1
more,element,1
advanced,mathematic,1
whole,domain,1
total,function,1
3.8.8,example,1
descriptive,way,1
same,matter,1
large,codomain,1
same,behavior,1
double,count,1
amazing,coincidence,1
following,identity,1
nice,example,1
akin,solution,1
new,piece,1
possible,range,1
right,way,1
favorite,restaurant,1
free,restaurant,1
many,meal,1
different,meal,1
sophisticated,interpretation,1
same,range,1
late,night,1
favorite,food,1
free,food,1
mexican,restaurant,1
gold,star,1
numeric,answer,1
certain,age,1
red,hat,1
different,people,1
nicer,formula,1
huge,box,1
same,animal,1
last,chapter,1
wrong,counting,1
select,object,1
same,object,1
different,sort,1
many,technique,1
large,subject,1
enumerative,combinatoric,1
original,research,1
identical,apple,1
lotto,pick,1
much,cream,1
enough,time,1
available,cereal,1
available,type,1
clown,interview,1
small,survey,1
last,year,1
many,passenger,1
entire,survey,1
4th,2nd,1
injective,â‰ 1,1
many,surjection,1
amazing,job,1
previous,plan,1
only,flaw,1
last,plan,1
different,variety,1
interesting,connection,1
proper,notation,1
great,hall,1
tall,pillar,1
first,pillar,1
giant,disk,1
different,size,1
entire,stack,1
next,disk,1
correct,pattern,1
interesting,object,1
many,move,1
second,pillar,1
last,observation,1
essential,characteristic,1
rigorous,definition,1
mathematical,definition,1
main,way,1
small,index,1
few,formula,1
few,definition,1
useful,formula,1
evil,dragon,1
30th,day,1
correct,condition,1
easy,answer,1
useful,method,1
few,sequence,1
quick,check,1
first,ğ‘›confirm,1
few,ğ‘›confirm,1
triangular,number,1
third,term,1
horizontal,shift,1
closed,ğ‘”ğ‘›=,1
many,up,1
new,sequence,1
initial,part,1
ğ‘‘ğ‘›=,âˆ’ğ‘ğ‘›.,1
future,term,1
recursive,function,1
different,definition,1
unbounded,region,1
good,string,1
different,length,1
other,approach,1
many,sum,1
hexagonal,board,1
next,pattern,1
ğ‘›th,pattern,1
primary,strategy,1
common,sequence,1
first,sequence,1
third,sequence,1
mathematical,art,1
more,print,1
previous,week,1
many,print,1
ğ‘›th,week,1
easy,storage,1
other,context,1
such,sequence,1
common,ğ‘Ÿwill,1
general,formula,1
ğ‘by,number,1
other,source,1
next,pair,1
first,person,1
great,mathematician,1
unpleasant,teacher,1
elementary,teacher,1
lengthy,sum,1
initial,ğ‘0,1
many,skittle,1
new,rectangle,1
large,rectangle,1
long,side,1
next,rectangle,1
different,relation,1
appropriate,degree,1
polynomial,sequence,1
standard,chessboard,1
small,board,1
ğ‘›Ã—,ğ‘›board,1
single,hook,1
middle,hook,1
half,sum,1
ğ‘›positive,integer,1
usual,order,1
reverse,order,1
arithmetic,sum,1
4.3.3,example,1
ğ‘‘ğ‘›=,3ğ‘›âˆ’2,1
general,term,1
reverse,part,1
long,length,1
little,thought,1
huge,surprise,1
original,constant,1
Î´ğ‘˜-constant,sequence,1
perfect,cube,1
Î´1,sequence,1
constant,number,1
ğ‘›2,term,1
derivative,rate,1
cubic,degree,1
4.3.6,example,1
above,formula,1
ğ‘›Ã—,ğ‘›chessboard,1
fourth,difference,1
right,sequence,1
particular,context,1
enough,equation,1
high,degree,1
free,computer,1
numpy,library,1
cubic,formula,1
friendly,bodega,1
100th,difference,1
similar,technique,1
enough,toothpick,1
large,grid,1
ğ‘›Ã—,ğ‘›square,1
boring,way,1
ğ‘›Ã—,square,1
ğ‘›(diagonal,square,1
diagonal,square,1
quadratic,sequence,1
down,time,1
solid,tetrahedron,1
high,pyramid,1
high,layer,1
easy,question,1
next,turn,1
current,term,1
close,self,1
derivative,change,1
calculus,context,1
exponential,formula,1
different,term,1
geometric,ish,1
same,term,1
constant,total,1
same,result,1
new,technique,1
real,difference,1
extra,term,1
previous,iteration,1
constant,ğ‘Ÿ.,1
general,technique,1
famous,relation,1
irrational,number,1
characteristic,factor,1
polynomial,factor,1
extra,ğ‘ğ‘›ğ‘Ÿğ‘›.,1
teristic,equation,1
only,root,1
linear,combination,1
constant,coefficient,1
additional,term,1
general,method,1
such,thing,1
good,candidate,1
magical,machine,1
second,time,1
fourth,time,1
available,domino,1
surprising,use,1
different,case,1
most,digit,1
powerful,technique,1
main,idea,1
odd,result,1
large,ğ‘›ha,1
rigid,structure,1
more,one,1
particular,domino,1
next,domino,1
relative,nearness,1
standard,style,1
general,structure,1
inductive,reasoning,1
more,sense,1
entire,sum,1
new,number,1
inductive,proof,1
next,square,1
consecutive,square,1
same,idea,1
small,function,1
great,power,1
great,responsibility,1
arbitrary,group,1
first,ğ‘˜of,1
last,ğ‘˜of,1
large,ğ‘˜â‰¥1,1
previous,fact,1
enough,fact,1
new,follower,1
4th,day,1
above,proof,1
odd,statement,1
ğ‘“ğ‘›are,function,1
generalized,rule,1
square,piece,1
base,case,1
short,section,1
following,puzzle,1
ğ‘›identical,square,1
first,break,1
square,bar,1
above,datum,1
initial,break,1
corresponding,technique,1
next,rung,1
next,one,1
small,ladder,1
shaky,metaphor,1
formal,definition,1
large,case,1
original,bar,1
relevant,example,1
small,case,1
separate,case,1
safe,side,1
less,ğ‘š2,1
weak,induction,1
simple,tool,1
simple,version,1
single,break,1
straight,break,1
great,point,1
less,one,1
separate,tree,1
particular,number,1
complicated,technique,1
general,identity,1
such,pair,1
parallel,line,1
entire,length,1
other,case,1
variable,ğ‘›is,1
true,ğ‘›is,1
true,case,1
ultimate,goal,1
particular,ğ‘›(not,1
previous,value,1
absolute,description,1
constant,ratio,1
polynomial,rate,1
exponential,rate,1
first,value,1
first,gift,1
great,amount,1
previous,chapter,1
many,example,1
following,section,1
main,structure,1
other,material,1
fundamental,object,1
many,other,1
exact,element,1
more,notation,1
strange,set,1
set,ğµ=,1
little,imprecise,1
new,symbol,1
logical,statement,1
subtle,variation,1
handy,chart,1
great,detail,1
special,set,1
different,cardinality,1
infinite,cardinality,1
5.1.5,example,1
good,question,1
other,operation,1
common,operation,1
same,difference,1
common,element,1
5.1.7,example,1
second,coordinate,1
nice,tool,1
visual,tool,1
intersecting,circle,1
complicated,example,1
curly,brace,1
large,cardinality,1
possible,cardinality,1
ğ¶=,ğµ=,1
even,integer,1
such,ğ´=,1
many,detail,1
non,contexts,1
discrete,contexts,1
codomain,set,1
finite,subset,1
entire,interval,1
traditional,graph,1
enough,entry,1
possible,confusion,1
explicit,formula,1
great,way,1
single,input,1
previous,element,1
more,up,1
previous,year,1
full,definition,1
extra,ğ‘›+,1
special,property,1
onto,function,1
integer,multiple,1
corresponding,element,1
first,situation,1
ğ‘‹whose,image,1
particular,element,1
multiple,element,1
notational,convenience,1
such,integer,1
such,function,1
main,concept,1
ğ‘‹â†’ğ‘Œis,way,1
injective,injection,1
equal,size,1
same,image,1
hard,question,1
geometric,description,1
bÄ³ective,ğ‘“is,1
injective,ğ‘“is,1
ğµâŠ†ğ‘‹be,subset,1
ğµâŠ†ğ‘Œbe,subset,1
single,function,1
infinite,sum,1
infinite,polynomial,1
17th,term,1
ordinary,series,1
compact,function,1
odd,sequence,1
only,reason,1
simple,sequence,1
particular,series,1
multiply,technique,1
basic,function,1
original,function,1
shifting,work,1
second,derivative,1
particular,case,1
correct,sequence,1
complicated,relationship,1
third,line,1
many,reason,1
right,set,1
mathematical,discovery,1
main,question,1
huge,complex,1
ancient,complex,1
beautiful,branch,1
pure,mathematic,1
own,sake,1
recent,year,1
more,cent,1
simple,property,1
good,thing,1
trusted,calculator,1
next,integer,1
large,integer,1
elementary,school,1
procedural,nature,1
enough,multiple,1
small,ğ‘Ÿis,1
ğ‘possible,remainder,1
residue,class,1
correct,instance,1
technical,way,1
important,fact,1
fun,language,1
technical,language,1
same,class,1
same,ğ‘›.,1
ğ‘by,ğ‘›will,1
ğ‘by,ğ‘›.,1
ğ‘˜ğ‘›by,ğ‘›will,1
early,observation,1
particular,class,1
same,amount,1
large,amount,1
basic,arithmetic,1
more,generality,1
first,fact,1
similar,way,1
important,consequence,1
long,division,1
original,congruence,1
small,ğ‘¥such,1
positive,ğ‘¥such,1
6.2.5,example,1
algebraic,rule,1
other,integer,1
last,congruence,1
divisible,number,1
compact,way,1
third,century,1
famous,example,1
general,algorithm,1
main,example,1
general,strategy,1
particular,example,1
small,choice,1
other,coefficient,1
common,technique,1
particular,range,1
most,stamp,1
much,work,1
standard,way,1
original,number,1
limited,supply,1
many,answer,1
formulaic,rule,1
different,style,1
specific,value,1
final,answer,1
small,example,1
spanning,tree,1
relevant,part,1
minimum,counterexample,1
short,cycle,1
other,step,1
last,name,1
blue,edge,1
red,edge,1
correct,method,1
4th,line,1
other,line,1
previous,region,1
more,work,1
top,corner,1
different,version,1
following,subtraction,1
less,term,1
1st,row,1
previous,sum,1
great,proof,1
last,function,1
usual,sum,1
first,summand,1
first,implication,1
small,polygon,1
good,hint,1
last,bit,1
more,stamp,1
forward,proof,1
main,thing,1
such,element,1
ğ‘=,2ğ‘—,1
contrapositive,contradiction,1
only,number,1
4th,penny,1
possible,isomorphism,1
center,vertex,1
ğ‘“=,âˆ’10,1
last,polyhedron,1
top,set,1
bottom,set,1
single,color,1
theoretic,term,1
ğ‘›2,edge,1
ğºis,planar,1
ğ‘“=,âˆ’12,1
adjacent,face,1
blue,color,1
adjacent,neighbor,1
4th,color,1
bottom,red,1
left,front,1
right,green,1
ğ¾3\,4,ğ¾3\,3,1
corresponding,vertex,1
ğº2,correspond,1
same,group,1
blue,vertex,1
non,topping,1
green,topping,1
select,number,1
total,coin,1
permissible,number,1
few,letter,1
possible,word,1
bad,one,1
particular,order,1
left,column,1
first,foursome,1
non,member,1
board,member,1
left,seat,1
numeral,fill,1
such,diagram,1
potential,output,1
more,stone,1
many,party,1
large,container,1
select,ğ‘˜âˆ’2,1
first,task,1
first,ğ‘˜ball,1
select,ğ‘˜ball,1
new,equation,1
such,choice,1
standard,formula,1
advanced,formula,1
8th,present,1
own,label,1
sneaky,way,1
11th,letter,1
appleless,kid,1
different,group,1
empty,team,1
complicated,pie,1
red,bow,1
blue,tie,1
single,tie,1
few,choice,1
less,route,1
âˆ’26,string,1
âˆ’1)23,âˆ’ 13,1
good,problem,1
codomain,type,1
identical,term,1
small,ğ‘›for,1
arbitrary,ğ‘˜â‰¥4,1
only,problem,1
last,equality,1
small,fact,1
total,bunny,1
mini,day,1
large,size,1
different,input,1
same,output,1
less,output,1
large,subset,1
ğ‘¦be,element,1
other,possibility,1
odd,ğ‘“(ğ‘›,1
same,grade,1
more,output,1
few,output,1
âˆ’3ğ‘¥+,ğ‘¥2,1
logical,conjunction,1
logical,disjunction,1
logical,negation,1
ğ‘›th,triangular,1
next,page,1
binary,representation,1
double,induction,1
finite,geometry,1
implicit,quantifier,1
incorrect,use,1
complete,np,1
perfect,graph,1
strong,indcution,1
square,division,1
first,depth,1
solitary,number,1
transitive,set,1
